Page ID,Page Name,Filters
373560576236,KEMENTERIAN KESIHATAN MALAYSIA,
107276220980755,Pusat Darah Negara Kementerian Kesihatan Malaysia,
253275218369155,Persatuan Penderma Darah Kuantan,
474418902733850,Derma Darah Kedah Perlis - DDKP,
216075042059565,Derma Darah Ipoh,
967436303383213,Malaysia Blood Donation Association,
402806916456377,Pusat Darah Negara Kementerian Kesihatan Malaysia,
617604258269881,Jadual Kempen Derma Darah Johor Bahru,
101247646587060,Kempen derma Darah Malaysia,
587743868038803,Derma Darah Penang,
1640334796241430,Derma Darah Taiping,
811753402273079,Kempen Derma Darah Bulan Sabit Merah SPT,
1085031178329670,Tabung Darah Hospital Pakar Sultanah Fatimah Muar - Rasmi,
1460022190968270,Derma Darah Kelantan,
100823045175587,Derma Darah Tampin,
1478905405665110,Derma Darah Terengganu Kite,
709516822525212,Derma Darah Teluk Intan,
127413292176023,DERMA DARAH PPUM,
208894229206908,Pertubuhan Komuniti Penderma Darah Malaysia,
1818600561569040,Unit Transfusi Darah HTAN Kuala Pilah,
721841564663070,Tabung Darah Hospital Miri,
288697349159,Kempen Derma Darah Kepada Rakyat Malaysia,
100111845053308,PDDM-Persatuan Derma Darah Malaysia,
849921398462168,Tabung Darah Hospital Pakar Sultanah Fatimah Muar,
577245199025299,Blood Donation Malaysia,
162679250462156,Blood Donation Campaign Malaysia ????????,
